<?xml version="1.0" encoding="UTF-8"?>
<!DOCTYPE suite SYSTEM "http://testng.org/testng-1.0.dtd">
<suite name="Suite">
<!-- Listener class for Reprot NG Graphical Reports -->
<listeners>

<listener class-name="org.uncommons.reportng.HTMLReporter" />

<listener class-name="org.uncommons.reportng.JUnitXMLReporter" />

</listeners>

<!-- END OF REPORT NG Listener class-->

<!-- Select the desired browser from below configuration -->
 <parameter name="browserType" value="CH" />
 <!-- Select the desired url from below configuration. (Currently it has a SCF qa  url is there can change to dev or sit url as needed)--> -->
		<parameter name="url" value="https://mlaas-scf-ui-mlaas-qa-scf.apps.cpaas.qa.service.test/ui/summary"/>
		<!-- Below configuration needs to be enabled to True to run the automated tests in headless mode -->
		<parameter name="headless" value="False"/>  
 
 
<!-- 
<test name="Login Page Tests">
 
    <classes>    
      <class name="org.totalqa.tests.LoginTests"/>
     		
    </classes>
  </test> 
  
  
  
  <test name="IO page Tests">

    <classes>    
      <class name="org.totalqa.tests.IOqueuetests"/>
     		
    </classes>
 </test> -->
 
<test name="Maker Review Screen Tests">
 
    <classes>    
      <class name="org.totalqa.tests.MakerReviewTests"/>
     		
    </classes>
  </test>
 

 
   
  
  
</suite> <!-- Suite -->
